,A,B,C,Y
0,3.6797826290130615,3.0929486751556396,2.630342960357666,-0.4202623963356018
1,3.3493776321411133,-3.8962104320526123,-0.40290844440460205,0.5816319584846497
2,4.217911243438721,-0.612098217010498,4.739425182342529,0.0725594013929367
3,4.528379917144775,3.926321029663086,2.030256509780884,-0.43352383375167847
4,4.9321441650390625,2.747910499572754,-2.406292200088501,-0.27857157588005066
5,1.2689940929412842,-0.8145394325256348,1.6157671213150024,0.32093900442123413
6,3.80145263671875,3.5173304080963135,-0.1527819186449051,-0.4626297652721405
7,3.158726215362549,-4.80926513671875,3.0119361877441406,0.7612665295600891
8,4.115402698516846,3.6998629570007324,-0.3631802797317505,-0.44951409101486206
9,4.319320201873779,0.6676724553108215,1.7271515130996704,-0.07728906720876694
10,2.1332576274871826,1.5077357292175293,-3.628899097442627,-0.35338810086250305
11,4.435832977294922,0.16040180623531342,-4.225323677062988,-0.01808023452758789
12,4.745891094207764,-2.7272720336914062,-1.8135343790054321,0.2873297929763794
13,2.576335906982422,3.265929937362671,-0.03296772390604019,-0.6338322758674622
14,2.407113552093506,2.867187976837158,1.0609736442565918,-0.5955656170845032
15,4.264253616333008,0.6750431060791016,4.507562160491943,-0.07915137708187103
16,4.850475311279297,-0.4889344573020935,0.2553084194660187,0.05040067434310913
17,1.2475712299346924,4.334831714630127,-0.03269477188587189,-1.7373082637786865
18,4.782812118530273,4.552680015563965,0.27409642934799194,-0.4759417474269867
19,0.925407886505127,1.1010202169418335,-3.88967227935791,-0.5948836803436279
20,1.3568564653396606,-4.059323787689209,4.17236852645874,1.4958560466766357
21,0.9936876893043518,0.41050976514816284,4.374047756195068,-0.2065587341785431
22,3.8553237915039062,-2.2946524620056152,-0.18339747190475464,0.2975952923297882
23,0.33893662691116333,-2.6135499477386475,0.8743401765823364,3.8555140495300293
24,3.543729543685913,0.3688097894191742,1.7194887399673462,-0.05203695595264435
25,2.6174893379211426,1.5546858310699463,-4.326849937438965,-0.2969803512096405
26,1.8497979640960693,0.5241999626159668,2.285860538482666,-0.1416911482810974
27,1.7001365423202515,-3.5778579711914062,2.665071964263916,1.0522266626358032
28,0.9104377627372742,-3.3570616245269775,1.3991353511810303,1.8436524868011475
29,3.0429255962371826,-3.2685093879699707,2.89436411857605,0.5370669364929199
30,4.0774970054626465,-0.22461570799350739,2.969658613204956,0.027543330565094948
31,1.1707738637924194,1.1227136850357056,-4.484775543212891,-0.4794750213623047
32,0.6784934401512146,-0.15866994857788086,1.4333486557006836,0.11692813038825989
33,2.9430058002471924,-3.4931013584136963,-2.298687219619751,0.5934581160545349
34,1.4176243543624878,2.56026291847229,3.618278980255127,-0.9030117392539978
35,0.512691080570221,0.8650127053260803,4.357810020446777,-0.843600332736969
36,2.7407150268554688,3.4016244411468506,-1.3023202419281006,-0.6205724477767944
37,4.717687129974365,-2.4262654781341553,-2.7306225299835205,0.25714564323425293
38,1.4332138299942017,4.793487071990967,-4.302751541137695,-1.672286033630371
39,1.8882157802581787,-0.15700604021549225,4.947798728942871,0.04157523810863495
40,1.0393608808517456,2.4088401794433594,-2.792652130126953,-1.1588083505630493
41,2.2816202640533447,-2.1675355434417725,0.5065335631370544,0.47499921917915344
42,0.3044944107532501,4.43931770324707,-0.19427688419818878,-7.289653778076172
43,3.5707147121429443,-3.9951250553131104,-3.3230509757995605,0.5594293475151062
44,2.2375290393829346,2.2906947135925293,-0.21785444021224976,-0.5118804574012756
45,1.6467807292938232,-0.03573521599173546,-3.464390516281128,0.010850021615624428
46,4.847057342529297,2.875866174697876,0.9325377345085144,-0.29666104912757874
47,4.494043350219727,0.23677633702754974,2.298119306564331,-0.02634335309267044
48,2.574894428253174,0.795212984085083,-4.000044822692871,-0.15441662073135376
49,4.225621223449707,-3.6073124408721924,-0.3934565484523773,0.42683812975883484
50,3.726154088973999,4.376659870147705,-1.594657063484192,-0.5872891545295715
51,1.5401501655578613,1.0687084197998047,-4.508943557739258,-0.34694939851760864
52,1.457826852798462,4.486246585845947,-4.023518085479736,-1.5386760234832764
53,4.437790870666504,2.263094186782837,-2.9169094562530518,-0.25497981905937195
54,4.712732315063477,-3.83923602104187,1.0519740581512451,0.4073259234428406
55,2.2601966857910156,-4.883547782897949,3.793657064437866,1.0803370475769043
56,4.230220794677734,4.865387439727783,-0.0939716249704361,-0.5750748515129089
57,2.246279001235962,-2.924851179122925,-4.780273914337158,0.6510435938835144
58,0.8753973841667175,-0.35170820355415344,-1.5469311475753784,0.2008848935365677
59,3.009230613708496,1.6351507902145386,-2.0973024368286133,-0.27168917655944824
60,2.2939798831939697,4.428625106811523,0.37969473004341125,-0.9652711153030396
61,2.2260773181915283,3.9931230545043945,3.7134084701538086,-0.8968967795372009
62,0.7178778648376465,-4.671505451202393,1.1034711599349976,3.253690719604492
63,0.5953905582427979,2.189439535140991,-0.13776704668998718,-1.838658332824707
64,0.7039952278137207,2.5956692695617676,-4.011351108551025,-1.8435276746749878
65,1.2397353649139404,-2.277512311935425,-2.1759345531463623,0.9185477495193481
66,4.093489646911621,2.219327688217163,4.390354156494141,-0.2710801362991333
67,2.4674510955810547,-4.905577659606934,1.18104887008667,0.9940576553344727
68,0.6957039833068848,1.371990442276001,-0.4210328757762909,-0.9860446453094482
69,4.758569240570068,-0.6959232091903687,-3.621227264404297,0.07312315702438354
70,3.877511501312256,0.3094771206378937,3.4470596313476562,-0.03990666940808296
71,2.2495973110198975,-1.0327006578445435,-1.8812965154647827,0.22953012585639954
72,2.2892751693725586,0.6453760266304016,-4.500000953674316,-0.14095641672611237
73,0.29227501153945923,2.5105690956115723,0.6571822166442871,-4.294874668121338
74,1.9164237976074219,-3.3241183757781982,-4.101536750793457,0.8672711849212646
75,3.9928882122039795,-2.285614252090454,0.05321371182799339,0.28621065616607666
76,0.9671356081962585,-2.210226058959961,-3.616274356842041,1.1426661014556885
77,2.465291976928711,-3.5085437297821045,-0.1090930625796318,0.7115878462791443
78,1.7833642959594727,2.5416359901428223,1.6810702085494995,-0.7125958204269409
79,4.435790061950684,4.405524730682373,3.322815418243408,-0.4965885281562805
80,0.8202031850814819,3.3019068241119385,1.4881916046142578,-2.0128591060638428
81,3.239572286605835,-1.01078462600708,-3.9471399784088135,0.1560058891773224
82,0.695539116859436,4.508978366851807,-3.968982219696045,-3.2413547039031982
83,0.2120037078857422,-4.665517330169678,3.068871021270752,11.003386497497559
84,4.251973628997803,-3.6678054332733154,2.40447998046875,0.43130624294281006
85,2.1562042236328125,-3.1579442024230957,2.003075122833252,0.7322925329208374
86,4.755464553833008,-4.137032508850098,-4.566201210021973,0.434976726770401
87,3.695852756500244,0.052121736109256744,-0.6600643992424011,-0.007051381748169661
88,1.3292169570922852,4.018502712249756,0.4962500035762787,-1.5116052627563477
89,3.65964937210083,0.35358139872550964,-3.471867799758911,-0.04830809682607651
90,4.461597442626953,4.173184871673584,-3.487429618835449,-0.4676783084869385
91,4.609340667724609,-0.627519965171814,1.0710654258728027,0.06807047128677368
92,4.877662658691406,3.1374306678771973,-1.8802186250686646,-0.3216121196746826
93,0.21667738258838654,-0.7436192631721497,1.122036099433899,1.7159596681594849
94,4.684771537780762,-0.9735316634178162,-2.685145616531372,0.10390385240316391
95,4.980250358581543,4.778164386749268,-0.7196406126022339,-0.47971123456954956
96,4.584656238555908,2.6608035564422607,0.0885351151227951,-0.29018574953079224
97,0.8606415390968323,3.274575710296631,-3.184124231338501,-1.9024039506912231
98,0.24089112877845764,-0.09634023904800415,4.761244297027588,0.19996634125709534
99,4.1110382080078125,-2.528998613357544,-3.0647597312927246,0.3075863718986511
100,0.3877541720867157,-4.377932071685791,4.53589391708374,5.645242214202881
101,3.032010316848755,4.285913944244385,4.699151992797852,-0.7067776322364807
102,3.5847461223602295,-1.61397123336792,1.0576472282409668,0.2251165360212326
103,0.2395484298467636,0.4035612940788269,-2.2454404830932617,-0.8423375487327576
104,4.419763088226318,2.979865312576294,-2.7344324588775635,-0.3371069133281708
105,1.4597855806350708,2.254828453063965,0.9533448219299316,-0.7723149657249451
106,1.6912992000579834,0.26777884364128113,-1.3230063915252686,-0.07916364818811417
107,1.4064069986343384,3.8511054515838623,4.168579578399658,-1.3691290616989136
108,3.4091832637786865,0.1846897155046463,-3.05525803565979,-0.02708709053695202
109,2.0728583335876465,-1.2053020000457764,-1.9416778087615967,0.29073429107666016
110,4.276920318603516,4.164000034332275,-3.061328411102295,-0.48679885268211365
111,2.8790953159332275,3.16317081451416,-0.02451256662607193,-0.5493341684341431
112,1.0592098236083984,3.0388174057006836,-2.321931838989258,-1.4344738721847534
113,3.0268068313598633,4.444367408752441,4.057409763336182,-0.7341676950454712
114,0.6487724184989929,-3.510453701019287,0.8507789969444275,2.705458641052246
115,1.412016749382019,2.870424747467041,-0.9161492586135864,-1.0164272785186768
116,2.3605620861053467,-3.290983200073242,-0.28395628929138184,0.6970762014389038
117,3.897357225418091,-0.6266974210739136,0.5627821683883667,0.08040030300617218
118,3.9605162143707275,-2.9618802070617676,-4.673604965209961,0.3739260137081146
119,4.579840183258057,0.42000383138656616,3.268454074859619,-0.045853544026613235
120,1.016811728477478,-0.8115566372871399,1.6057078838348389,0.39906924962997437
121,2.394953727722168,-3.3926219940185547,-1.7250339984893799,0.7082855105400085
122,2.790004014968872,3.1353161334991455,4.281976222991943,-0.561883807182312
123,4.6291728019714355,-0.29641488194465637,-3.9089303016662598,0.03201596811413765
124,4.58383846282959,-3.3505210876464844,2.445932149887085,0.36547112464904785
125,3.58327054977417,0.41318193078041077,-1.9777072668075562,-0.057654302567243576
126,0.18749769032001495,4.61785888671875,-1.267586588859558,-12.31444263458252
127,0.8332434892654419,0.06323771923780441,-0.9220660924911499,-0.03794672340154648
128,4.060840606689453,0.7097377181053162,-1.1768648624420166,-0.08738803118467331
129,0.37516358494758606,-2.2174463272094727,4.975428104400635,2.955305814743042
130,2.14859938621521,-4.84617805480957,-2.8182735443115234,1.1277527809143066
131,4.94740629196167,-3.688215494155884,-1.4541364908218384,0.37274235486984253
132,4.246138095855713,0.6907369494438171,3.984766721725464,-0.08133707195520401
133,0.8675444722175598,2.302687406539917,1.5107319355010986,-1.3271293640136719
134,0.7816019058227539,-2.780512571334839,-2.8829119205474854,1.7787268161773682
135,1.085737943649292,-0.23845309019088745,-2.0279436111450195,0.10981152206659317
136,0.7063735723495483,0.3516804873943329,-0.18326517939567566,-0.2489337921142578
137,3.5092926025390625,-3.2799072265625,-3.7094244956970215,0.4673174321651459
138,3.5176761150360107,-2.3631982803344727,2.7621219158172607,0.3359033465385437
139,3.694483757019043,-1.8561480045318604,-1.4621000289916992,0.25120532512664795
140,0.8064699769020081,1.3271994590759277,-1.4791392087936401,-0.822844922542572
141,0.5468210577964783,-2.22725510597229,-1.0846939086914062,2.036548376083374
142,2.6527676582336426,-4.854965686798096,0.9311234354972839,0.9150754809379578
143,3.471135377883911,-1.5247195959091187,4.891265869140625,0.21962836384773254
144,3.4756181240081787,3.7785534858703613,-2.6817362308502197,-0.5435800552368164
145,3.7422099113464355,-3.280259847640991,-4.800172805786133,0.4382784366607666
146,3.3866806030273438,3.836172342300415,2.069749355316162,-0.5663617253303528
147,3.7374584674835205,4.864058017730713,3.1021203994750977,-0.6507173180580139
148,4.5871357917785645,2.743994951248169,-3.880457639694214,-0.2990967631340027
149,2.4358606338500977,-0.9283676743507385,-4.106827259063721,0.19056256115436554
150,3.420779228210449,2.9272115230560303,-2.0452542304992676,-0.4278574287891388
151,0.6617297530174255,-1.58346426486969,-0.20601585507392883,1.196458339691162
152,4.201990604400635,-2.2531380653381348,-3.064120292663574,0.26810362935066223
153,1.9163464307785034,3.5407779216766357,0.24228405952453613,-0.9238355159759521
154,0.875941812992096,1.748665690422058,-3.7198503017425537,-0.9981631636619568
155,3.082068681716919,-2.3226335048675537,3.589168071746826,0.37679779529571533
156,1.1366899013519287,-1.8245000839233398,-3.5514869689941406,0.8025496602058411
157,1.3122764825820923,-2.323946952819824,1.0490647554397583,0.8854638934135437
158,4.376255035400391,-0.042525578290224075,-3.0112555027008057,0.0048586721532046795
159,1.2834980487823486,-4.312659740447998,3.5219972133636475,1.6800413131713867
160,1.0542669296264648,4.355462074279785,2.502995491027832,-2.0656354427337646
161,0.46597525477409363,-1.2864640951156616,-1.4790538549423218,1.3803995847702026
162,2.1753900051116943,4.22876501083374,-2.5664114952087402,-0.9719556570053101
163,3.6559996604919434,0.5836215019226074,-1.8307985067367554,-0.07981695234775543
164,1.1014598608016968,0.7180443406105042,2.0363895893096924,-0.3259511888027191
165,2.9229557514190674,-2.0486972332000732,-4.639362812042236,0.3504495918750763
166,0.44294941425323486,-2.3835031986236572,-0.7824548482894897,2.6904914379119873
167,0.8867146968841553,-2.782663583755493,0.9221184253692627,1.5690861940383911
168,4.056900978088379,-2.6409614086151123,-1.3278250694274902,0.32548999786376953
169,3.1335289478302,0.009945744648575783,-2.491919755935669,-0.0015869878698140383
170,3.279475450515747,1.771114468574524,2.6721789836883545,-0.27003014087677
171,1.8292275667190552,-1.1562162637710571,1.3386586904525757,0.31603947281837463
172,3.3965420722961426,3.175309181213379,1.8638230562210083,-0.4674326181411743
173,2.6983401775360107,4.905001163482666,4.973963260650635,-0.9088922739028931
174,0.7061955332756042,1.4716639518737793,1.643781065940857,-1.0419663190841675
175,3.959944248199463,1.4165881872177124,-2.414430856704712,-0.17886465787887573
176,3.741225004196167,4.807751655578613,1.9672446250915527,-0.6425371170043945
177,0.1791393905878067,3.943157911300659,4.243105888366699,-11.005836486816406
178,4.081877708435059,3.445107936859131,3.833756446838379,-0.42200037837028503
179,2.8485231399536133,3.3250067234039307,3.7580692768096924,-0.5836369395256042
180,1.6480158567428589,0.098039910197258,-0.20957238972187042,-0.0297448318451643
181,1.6267728805541992,2.8563578128814697,-0.9026169180870056,-0.8779215216636658
182,2.3544909954071045,2.3538308143615723,-0.1678580641746521,-0.4998597502708435
183,0.7510693669319153,-3.5755727291107178,0.47279879450798035,2.3803212642669678
184,3.240546226501465,2.5132646560668945,1.633244514465332,-0.38778409361839294
185,3.2642877101898193,4.295193195343018,-1.273116946220398,-0.657906711101532
186,2.2722935676574707,4.093606472015381,2.3826544284820557,-0.9007653594017029
187,1.7094142436981201,-1.4698172807693481,-2.821427583694458,0.4299183785915375
188,3.009474039077759,-3.858304262161255,-4.70331335067749,0.6410263180732727
189,2.317875862121582,2.5884549617767334,-2.8782639503479004,-0.558367908000946
190,4.120544910430908,-3.275411367416382,4.595368385314941,0.3974488079547882
191,2.683966875076294,3.2053475379943848,-4.2643513679504395,-0.5971287488937378
192,0.36714136600494385,3.689155101776123,-1.4616657495498657,-5.024161338806152
193,4.0866780281066895,3.4397358894348145,-4.23226261138916,-0.42084741592407227
194,2.320481300354004,-0.7133927941322327,-2.8878324031829834,0.1537165641784668
195,0.4722993075847626,-3.904226541519165,4.657141208648682,4.133212089538574
196,3.934502363204956,4.283048152923584,4.860677242279053,-0.5442935228347778
197,0.8408876061439514,-4.883701324462891,-4.687878608703613,2.9038965702056885
198,2.3584225177764893,-1.0053565502166748,-1.2667896747589111,0.21314173936843872
199,1.3623473644256592,3.7694664001464844,-3.561408042907715,-1.3834452629089355
200,3.091003894805908,-1.1370717287063599,4.278669357299805,0.18393242359161377
201,3.938782215118408,-1.340767502784729,-4.28406286239624,0.17020076513290405
202,0.4319307506084442,0.9747223854064941,-2.5773677825927734,-1.1283317804336548
203,1.2856791019439697,3.2311437129974365,2.412355899810791,-1.2565902471542358
204,3.9893972873687744,0.2223759889602661,3.5304834842681885,-0.027870874851942062
205,2.5445668697357178,-4.5274481773376465,1.818560242652893,0.8896304368972778
206,0.8744805455207825,1.0928635597229004,3.4607648849487305,-0.624864399433136
207,4.886043548583984,1.9908771514892578,2.9787700176239014,-0.2037310004234314
208,3.4665913581848145,0.16209213435649872,-0.8277897238731384,-0.023379182443022728
209,1.7904012203216553,4.05108642578125,3.069957733154297,-1.1313347816467285
210,1.4977996349334717,-1.4307352304458618,3.0620195865631104,0.47761234641075134
211,4.453127861022949,2.781085252761841,-4.8209686279296875,-0.31226202845573425
212,2.151069164276123,4.219606399536133,4.1113362312316895,-0.9808160066604614
213,0.49561744928359985,0.43697527050971985,2.9893901348114014,-0.4408392906188965
214,2.8457906246185303,-4.9795002937316895,-1.9463887214660645,0.8748887181282043
215,1.1134215593338013,-1.4167119264602661,-3.829860210418701,0.6361974477767944
216,0.023560842499136925,1.81412935256958,3.3291518688201904,-38.49882125854492
217,2.756831645965576,-1.7315949201583862,-3.548048734664917,0.3140552341938019
218,4.105841636657715,-1.5300474166870117,4.9111857414245605,0.18632566928863525
219,0.8901479244232178,-0.8950534462928772,0.7192333340644836,0.5027554631233215
220,3.543320655822754,-0.35586562752723694,-3.159137725830078,0.05021640285849571
221,1.345974326133728,2.628559112548828,-3.3285293579101562,-0.9764521718025208
222,3.4081523418426514,-3.792462110519409,-0.21738652884960175,0.5563809275627136
223,1.2176339626312256,-1.1012629270553589,-3.789512872695923,0.4522143006324768
224,2.9815871715545654,3.0968360900878906,-3.758368968963623,-0.5193267464637756
225,4.524658203125,-4.443393707275391,-3.9680016040802,0.4910198450088501
226,4.015178680419922,-4.195480823516846,4.4972100257873535,0.5224525332450867
227,1.222705364227295,-1.5155205726623535,-4.719280242919922,0.6197407245635986
228,1.0550434589385986,0.4265678822994232,-3.2724599838256836,-0.20215654373168945
229,0.8295179009437561,-3.0947394371032715,3.80979585647583,1.8653844594955444
230,1.6027722358703613,4.78742790222168,-1.1367939710617065,-1.493483543395996
231,2.729336738586426,-0.1831776350736618,-2.631472587585449,0.03355716913938522
232,4.690094947814941,2.7156312465667725,1.800794243812561,-0.28950709104537964
233,3.615013360977173,0.3458937704563141,2.8259944915771484,-0.047841284424066544
234,4.712205410003662,2.858123779296875,-0.8127336502075195,-0.303268164396286
235,0.18095214664936066,-3.816869020462036,-2.957045555114746,10.546625137329102
236,4.7036333084106445,3.6324210166931152,-2.352064371109009,-0.3861292600631714
237,4.8058180809021,4.741796016693115,-0.604551374912262,-0.4933391511440277
238,0.24025824666023254,3.029179573059082,2.8513123989105225,-6.304007530212402
239,3.2816648483276367,4.945821285247803,-4.003839492797852,-0.7535536885261536
240,0.02233034372329712,4.467169761657715,4.446723461151123,-100.024658203125
241,3.622460126876831,1.319174885749817,-0.6802688837051392,-0.18208274245262146
242,2.8881709575653076,-2.5414047241210938,-2.557159662246704,0.4399678409099579
243,2.069375991821289,3.93633770942688,-0.9940795302391052,-0.9510929584503174
244,2.9174323081970215,0.6385833621025085,-3.9220614433288574,-0.10944270342588425
245,1.7749754190444946,-1.2844831943511963,0.560719907283783,0.3618312478065491
246,4.176141738891602,2.516965389251709,-4.070223808288574,-0.30135059356689453
247,4.294200897216797,-3.37882661819458,-2.722646713256836,0.3934174180030823
248,3.758547306060791,3.730634927749634,1.8901708126068115,-0.4962868392467499
249,2.3823723793029785,3.87865948677063,-4.773646354675293,-0.8140329718589783
250,1.8277076482772827,-2.345357656478882,-4.504067420959473,0.6416118144989014
251,1.4557077884674072,3.8109943866729736,2.912553071975708,-1.3089832067489624
252,0.7507398128509521,-2.4829516410827637,-0.45913323760032654,1.6536699533462524
253,0.8553735613822937,-2.9590835571289062,1.53744375705719,1.7297024726867676
254,4.420782089233398,-3.0362913608551025,-0.3703431785106659,0.3434111177921295
255,0.7029536962509155,-4.2715229988098145,0.12488620728254318,3.0382676124572754
256,4.424313545227051,4.441212177276611,3.776841640472412,-0.5019097328186035
257,0.9539656639099121,3.000558614730835,-1.848511815071106,-1.5726763010025024
258,3.5969836711883545,-4.886780261993408,-2.0673530101776123,0.6792886257171631
259,1.2889853715896606,-2.8398520946502686,-2.244778633117676,1.1015843152999878
260,0.24546971917152405,1.3265968561172485,-3.817641496658325,-2.702159881591797
261,3.8080520629882812,3.6562483310699463,1.0245028734207153,-0.48006802797317505
262,3.530618667602539,2.0270836353302,3.2720236778259277,-0.2870720326900482
263,4.071593284606934,-4.977383136749268,1.7161566019058228,0.6112328171730042
264,0.6115988492965698,-3.9949018955230713,-0.15176400542259216,3.2659497261047363
265,2.956282377243042,-4.103640079498291,1.752662181854248,0.6940540671348572
266,3.085547685623169,-3.075972080230713,-2.124007225036621,0.49844831228256226
267,0.15924237668514252,0.07085362076759338,2.7048587799072266,-0.22247099876403809
268,3.076650857925415,-0.45832881331443787,-4.298602104187012,0.07448502629995346
269,4.270388603210449,-3.828904151916504,0.05153116583824158,0.44830864667892456
270,3.5434155464172363,-4.03732967376709,-4.671110153198242,0.5696945786476135
271,3.990022897720337,-4.054152965545654,-0.07810118049383163,0.5080363154411316
272,1.9125165939331055,2.0495059490203857,2.3415310382843018,-0.5358138680458069
273,3.063167095184326,3.091367483139038,-1.1811308860778809,-0.5046031475067139
274,4.834527969360352,-0.09273314476013184,1.7998160123825073,0.009590714238584042
275,0.1354798823595047,-0.7164859175682068,-0.06470255553722382,2.644252061843872
276,4.021028518676758,1.7426708936691284,-3.7645719051361084,-0.2166946828365326
277,4.2753729820251465,0.27354347705841064,-4.600833415985107,-0.031990598887205124
278,3.8776633739471436,-2.688326835632324,-2.318781614303589,0.3466426134109497
279,0.6229054927825928,-3.483501672744751,3.6234312057495117,2.7961719036102295
280,4.316628456115723,-2.05414080619812,-2.625385284423828,0.23793348670005798
281,2.0968751907348633,-0.32263830304145813,1.5564709901809692,0.0769331157207489
282,4.471351623535156,-1.7868702411651611,3.6252284049987793,0.19981321692466736
283,2.6455461978912354,-0.6979911923408508,-3.4649107456207275,0.13191816210746765
284,2.221306085586548,-3.6068837642669678,2.6909701824188232,0.8118835091590881
285,0.1772538125514984,-0.2966489791870117,2.5051443576812744,0.8367915153503418
286,4.621330261230469,-1.8697837591171265,-0.9128751158714294,0.2022993117570877
287,4.812747478485107,3.231157064437866,-3.1007649898529053,-0.3356873691082001
288,0.4353015422821045,0.6939070820808411,2.0153493881225586,-0.7970417737960815
289,4.328726768493652,3.6436245441436768,0.5537564158439636,-0.42086562514305115
290,2.375328540802002,-4.30705451965332,-4.5985612869262695,0.9066228866577148
291,2.2243285179138184,-0.6135949492454529,3.2350118160247803,0.13792812824249268
292,4.9822564125061035,2.502392053604126,1.2189593315124512,-0.2511303722858429
293,1.7829506397247314,-4.499690532684326,-1.2745203971862793,1.2618662118911743
294,3.632390260696411,3.1604957580566406,-1.517884612083435,-0.4350435435771942
295,2.9142260551452637,-1.6419990062713623,-2.6891443729400635,0.281721293926239
296,0.8195520639419556,-4.9474921226501465,-2.832120895385742,3.0184121131896973
297,4.159247398376465,1.5671052932739258,-0.9700937271118164,-0.18838806450366974
298,0.5359383225440979,-1.8398337364196777,-3.9019856452941895,1.7164603471755981
299,1.5313645601272583,-1.0585694313049316,-1.408909797668457,0.34562948346138
300,2.423396587371826,4.068904876708984,4.284256458282471,-0.8395044803619385
301,4.676675319671631,-2.335047960281372,0.8718925714492798,0.24964825809001923
302,2.1053946018218994,0.10644102841615677,-1.2758209705352783,-0.025278164073824883
303,0.14023089408874512,4.780683994293213,-0.3941137194633484,-17.045759201049805
304,2.487560510635376,-4.745900630950928,3.136427164077759,0.953926682472229
305,1.2145922183990479,2.8782336711883545,-3.8031005859375,-1.1848559379577637
306,0.7284937500953674,3.5165927410125732,0.9446108937263489,-2.413605213165283
307,1.112608790397644,-1.934852123260498,3.771442413330078,0.8695114850997925
308,4.095160484313965,4.356917858123779,-0.7803693413734436,-0.5319592952728271
309,0.11506959050893784,0.8720594644546509,1.2107696533203125,-3.7892699241638184
310,2.786486864089966,-1.4164401292800903,-0.4135946035385132,0.25416237115859985
311,0.7417095899581909,0.43927904963493347,2.5849103927612305,-0.29612603783607483
312,4.848181247711182,-0.05783894285559654,-4.8181610107421875,0.005965014453977346
313,2.850093126296997,-0.06485117226839066,-2.7583744525909424,0.01137702725827694
314,4.995137691497803,0.8226349949836731,-2.762585401535034,-0.08234357833862305
315,2.6695735454559326,-4.829000949859619,-0.7759145498275757,0.9044517278671265
316,4.111635684967041,1.3332839012145996,-3.3844687938690186,-0.16213546693325043
317,1.227708101272583,-3.464689016342163,-1.0516740083694458,1.4110393524169922
318,4.248744487762451,-4.465266704559326,1.7142894268035889,0.5254807472229004
319,4.262427806854248,3.862152099609375,1.6238245964050293,-0.453046053647995
320,2.1726632118225098,3.410632371902466,4.3599653244018555,-0.784896731376648
321,1.2318193912506104,-0.9973620772361755,-3.6447484493255615,0.4048328995704651
322,3.7594027519226074,-0.6151824593544006,2.5234932899475098,0.08181917667388916
323,0.4319497048854828,1.7762560844421387,3.9107506275177,-2.05609130859375
324,2.298126697540283,-4.017520427703857,3.6468584537506104,0.8740859031677246
325,4.3137006759643555,-0.40355923771858215,3.4846107959747314,0.04677645117044449
326,1.5582040548324585,2.260676383972168,4.227642059326172,-0.7254109382629395
327,4.463515281677246,1.4739452600479126,-4.507261753082275,-0.16511037945747375
328,0.3733522593975067,0.6743224859237671,1.2246830463409424,-0.9030647277832031
329,2.8171730041503906,-1.4294764995574951,-3.844374656677246,0.253707617521286
330,0.6409563422203064,-0.8494623303413391,-2.3339641094207764,0.6626522541046143
331,2.3165578842163086,1.1784733533859253,-4.582944393157959,-0.25435870885849
332,4.324026584625244,0.20969972014427185,-2.2945964336395264,-0.02424820140004158
333,3.9806880950927734,-3.05649995803833,1.5860915184020996,0.38391605019569397
334,1.9574562311172485,-0.37089109420776367,0.3596324920654297,0.09473802894353867
335,4.344573020935059,0.7617058753967285,3.8901374340057373,-0.08766176551580429
336,4.107844352722168,-2.3583645820617676,3.806652784347534,0.28705623745918274
337,4.301482200622559,1.8274425268173218,4.669007301330566,-0.21242009103298187
338,4.6631083488464355,-0.009057452902197838,2.0707240104675293,0.0009711819002404809
339,4.940324783325195,-1.9224586486816406,3.580413579940796,0.19456805288791656
340,2.632643699645996,-4.716855049133301,-1.6489890813827515,0.8958399891853333
341,3.926234006881714,1.2073519229888916,-0.6637595891952515,-0.15375445783138275
342,4.274647235870361,-0.9498345851898193,-2.970125436782837,0.111100934445858
343,1.3351166248321533,3.9775402545928955,1.926202654838562,-1.4895851612091064
344,1.0636171102523804,4.950816631317139,3.317568778991699,-2.3273491859436035
345,2.2777099609375,0.6948963403701782,-4.197566032409668,-0.15254275500774384
346,0.8139649629592896,1.4251213073730469,-2.047853708267212,-0.8754193186759949
347,0.36524274945259094,-2.838618755340576,4.296881675720215,3.885934352874756
348,1.3928627967834473,-4.787705421447754,-3.5693047046661377,1.7186565399169922
349,1.081505537033081,-1.59415602684021,0.7041864991188049,0.7370078563690186
350,3.793444871902466,-4.411406993865967,1.4889063835144043,0.5814513564109802
351,4.016189098358154,-1.4380348920822144,-4.0951361656188965,0.17902977764606476
352,4.597753047943115,1.9943374395370483,-4.324442386627197,-0.21688173711299896
353,4.632018566131592,0.05386201664805412,1.0084266662597656,-0.005814097821712494
354,2.1311299800872803,1.9613064527511597,4.7521281242370605,-0.4601564407348633
355,4.522428035736084,2.4224143028259277,-0.607452392578125,-0.2678223252296448
356,2.6197054386138916,-2.2923521995544434,-3.3448071479797363,0.43752098083496094
357,4.541338920593262,0.8002035021781921,3.871342897415161,-0.08810215443372726
358,0.9699294567108154,0.018619157373905182,-4.921163082122803,-0.009598201140761375
359,2.3293540477752686,3.7735049724578857,0.38856247067451477,-0.8099895119667053
360,3.3998818397521973,2.417971611022949,4.5804057121276855,-0.3555964231491089
361,1.3120461702346802,-2.7069194316864014,4.260397434234619,1.0315641164779663
362,1.793830394744873,3.7552483081817627,4.673455238342285,-1.0467121601104736
363,1.0652109384536743,0.5766002535820007,-3.760664939880371,-0.2706507444381714
364,4.435649394989014,-0.8792714476585388,4.699460029602051,0.09911417961120605
365,3.949077606201172,-0.3487410545349121,1.5875709056854248,0.04415474832057953
366,0.7592390775680542,-3.3211047649383545,-0.014414790086448193,2.187127113342285
367,3.1092357635498047,-4.603782653808594,3.784297466278076,0.7403399348258972
368,3.2801904678344727,-1.203836441040039,-1.7284246683120728,0.1835010051727295
369,0.6425449848175049,3.5345137119293213,4.091406345367432,-2.750401735305786
370,2.092764377593994,-1.6346275806427002,-3.9010121822357178,0.3905426859855652
371,3.5808520317077637,-1.5168672800064087,-4.820043087005615,0.21180257201194763
372,1.906787633895874,4.105711936950684,-1.3351377248764038,-1.0766043663024902
373,0.3300541639328003,-3.651289939880371,2.5603086948394775,5.5313496589660645
374,0.2801152169704437,-3.8757827281951904,-3.4760308265686035,6.918193817138672
375,4.504666328430176,-3.1169753074645996,-4.826961517333984,0.34597182273864746
376,1.442283034324646,3.4929604530334473,3.1144118309020996,-1.2109136581420898
377,1.7588344812393188,3.168928384780884,3.776270866394043,-0.9008603692054749
378,3.7203285694122314,-3.3801119327545166,4.695680141448975,0.45427602529525757
379,2.535292863845825,0.5779286623001099,-0.9540948867797852,-0.11397670209407806
380,2.240068197250366,1.0207017660140991,-1.2166496515274048,-0.22782829403877258
381,1.0047333240509033,2.249429225921631,4.090847969055176,-1.1194159984588623
382,3.645998477935791,-4.729336738586426,3.6179137229919434,0.648565411567688
383,0.1199818104505539,-4.803615570068359,-0.6154553890228271,20.018096923828125
384,1.9337282180786133,-1.4707751274108887,3.757364273071289,0.3802952170372009
385,3.8043324947357178,-2.2706332206726074,-2.4763193130493164,0.2984272837638855
386,0.20076176524162292,-0.6715714335441589,-3.2999136447906494,1.672558069229126
387,2.4931211471557617,-0.892616331577301,-4.826523780822754,0.17901583015918732
388,4.451175689697266,3.1814515590667725,4.622620105743408,-0.3573720455169678
389,2.4738075733184814,-4.55177116394043,-1.896982192993164,0.9199929237365723
390,3.1222355365753174,0.0648626834154129,-0.6857216954231262,-0.010387218557298183
391,0.36133554577827454,0.012381438165903091,-0.6473541855812073,-0.01713288202881813
392,0.5263048410415649,4.4716057777404785,3.492516279220581,-4.248113632202148
393,2.0680277347564697,4.656103610992432,3.466564416885376,-1.1257352828979492
394,0.05640796944499016,-3.0457992553710938,-3.6263504028320312,26.997953414916992
395,1.9414175748825073,2.3012022972106934,-2.844292640686035,-0.5926603674888611
396,1.446516513824463,-2.7553794384002686,2.791628122329712,0.9524189233779907
397,0.8104906678199768,4.915071964263916,1.2433247566223145,-3.032158374786377
398,0.3765057623386383,-4.2277069091796875,0.7636380791664124,5.614398956298828
399,3.399489164352417,-1.8929626941680908,-1.672013282775879,0.2784186899662018
400,3.3769195079803467,4.905388832092285,2.7402186393737793,-0.7263111472129822
401,2.2632033824920654,-2.783965826034546,-0.1335698664188385,0.6150498986244202
402,0.922163724899292,4.377994537353516,-4.820428848266602,-2.3737618923187256
403,0.07696466892957687,2.070098400115967,2.538360595703125,-13.448368072509766
404,0.7954643964767456,-2.290184497833252,-1.9543156623840332,1.4395266771316528
405,1.5232685804367065,-4.916968822479248,0.19251537322998047,1.6139534711837769
406,2.5551400184631348,0.6198863387107849,-0.06390806287527084,-0.12130183726549149
407,4.621208667755127,3.3367393016815186,2.2688517570495605,-0.36102449893951416
408,0.7198085188865662,-3.1482300758361816,2.696370840072632,2.18685245513916
409,1.771368384361267,-4.580140590667725,-1.4456814527511597,1.29282546043396
410,3.36987042427063,-2.621346950531006,-3.995908260345459,0.3889388144016266
411,3.884676933288574,-0.49656352400779724,1.3642886877059937,0.06391309946775436
412,0.6086891889572144,4.662527084350586,-0.8598576188087463,-3.8299736976623535
413,1.6574738025665283,4.235079765319824,-3.5339741706848145,-1.2775707244873047
414,2.791490316390991,-4.493242263793945,2.4773712158203125,0.804810643196106
415,2.9971370697021484,-3.034585952758789,-4.696383476257324,0.5062474608421326
416,1.135237216949463,-1.4091413021087646,-4.845431804656982,0.6206374168395996
417,2.371450185775757,-3.281022787094116,0.4428698718547821,0.6917755603790283
418,0.4618794023990631,2.612161874771118,3.2647831439971924,-2.8277530670166016
419,2.596202850341797,-2.675783634185791,2.8803176879882812,0.5153263807296753
420,3.2751927375793457,-3.909472703933716,4.435732841491699,0.5968309044837952
421,3.8692378997802734,-2.386265516281128,2.766641616821289,0.30836376547813416
422,1.0561720132827759,-0.971237063407898,-0.2196720391511917,0.4597911238670349
423,1.5078293085098267,-2.556368350982666,-4.005403995513916,0.8476981520652771
424,2.4857163429260254,3.4091796875,2.057176113128662,-0.6857539415359497
425,1.9704185724258423,-0.983475923538208,-2.855095863342285,0.2495601624250412
426,3.4242160320281982,0.9906408190727234,-4.457862854003906,-0.14465220272541046
427,0.7572698593139648,-4.226850986480713,-1.7719823122024536,2.790848731994629
428,0.32733505964279175,4.447356224060059,-0.25827720761299133,-6.793278217315674
429,2.298060417175293,-4.892808437347412,2.4553959369659424,1.0645517110824585
430,1.085530161857605,-3.77510142326355,-2.428129196166992,1.7388285398483276
431,4.1258544921875,4.4415693283081055,-0.0032894837204366922,-0.5382605195045471
432,4.536052703857422,-2.367492914199829,0.2775443494319916,0.2609640061855316
433,3.993232250213623,-1.1772822141647339,-0.5291681885719299,0.14740969240665436
434,3.5704963207244873,-4.750996112823486,0.9727059006690979,0.6653131246566772
435,3.943591356277466,2.372589111328125,0.5119166374206543,-0.30081579089164734
436,1.1924469470977783,-4.63371467590332,-4.866883277893066,1.9429435729980469
437,1.522451400756836,-4.7612128257751465,3.5747973918914795,1.5636667013168335
438,2.6363906860351562,-1.9184277057647705,-2.9044241905212402,0.36383599042892456
439,4.2668070793151855,1.0500218868255615,0.9277390837669373,-0.12304539233446121
440,1.9991607666015625,0.3360792100429535,0.5295834541320801,-0.08405507355928421
441,4.406888008117676,0.5437899827957153,-4.348662853240967,-0.06169772520661354
442,4.585360527038574,4.596384048461914,-4.374788761138916,-0.5012019872665405
443,2.9983882904052734,-1.724231481552124,-2.498349189758301,0.28752636909484863
444,1.7752352952957153,1.9106736183166504,-1.713163137435913,-0.5381466150283813
445,4.924121379852295,4.574915885925293,0.11667139828205109,-0.46454131603240967
446,1.0473920106887817,-0.4214421510696411,0.36633795499801636,0.20118644833564758
447,3.08540678024292,-2.9314002990722656,-1.4046505689620972,0.4750427305698395
448,2.7976419925689697,-0.18328195810317993,1.3410470485687256,0.032756507396698
449,4.279719352722168,-3.731583833694458,1.3126510381698608,0.4359612762928009
450,2.32906174659729,-4.6983489990234375,-3.006927967071533,1.0086355209350586
451,4.256087303161621,0.058467891067266464,2.4825634956359863,-0.006868736818432808
452,2.2513115406036377,-2.678126573562622,0.178419291973114,0.5947924852371216
453,1.6659752130508423,3.8341686725616455,1.7684783935546875,-1.1507279872894287
454,1.2767322063446045,3.7185442447662354,-2.126103639602661,-1.456274151802063
455,3.161144495010376,-0.43799567222595215,-3.5207509994506836,0.06927801668643951
456,3.0136196613311768,2.489720106124878,-4.801578044891357,-0.41307803988456726
457,1.6115974187850952,2.7311413288116455,0.224563866853714,-0.8473398685455322
458,3.4146716594696045,4.858031749725342,-0.9335106015205383,-0.7113468647003174
459,2.2766547203063965,-2.718139410018921,1.9376393556594849,0.596959114074707
460,4.663602828979492,-1.8248913288116455,-4.821032524108887,0.19565251469612122
461,2.741676092147827,-1.5138227939605713,-4.519560813903809,0.27607616782188416
462,0.6449778079986572,3.5917932987213135,-4.137228012084961,-2.7844316959381104
463,0.46967360377311707,0.6116587519645691,1.742538332939148,-0.6511529684066772
464,1.2187608480453491,2.5979933738708496,2.368790626525879,-1.0658339262008667
465,1.7127954959869385,-2.2422704696655273,0.5841596126556396,0.6545645594596863
466,4.354475021362305,-4.724263668060303,-2.6105055809020996,0.5424607992172241
467,3.725527286529541,-1.5213971138000488,3.2831733226776123,0.20418548583984375
468,4.329092025756836,-0.03814205154776573,3.880767583847046,0.0044053178280591965
469,1.2168623208999634,0.985895574092865,1.6056175231933594,-0.40509742498397827
470,1.2471404075622559,1.199891448020935,-4.885665416717529,-0.4810570478439331
471,4.8012895584106445,-3.5127274990081787,-0.08410514146089554,0.3658108413219452
472,1.1992878913879395,1.8244481086730957,4.480361461639404,-0.7606380581855774
473,1.6355429887771606,-1.8423868417739868,-1.964455008506775,0.5632339715957642
474,3.8957555294036865,3.7500438690185547,-2.90848708152771,-0.48129865527153015
475,2.2482287883758545,-3.998337507247925,0.8084370493888855,0.8892194628715515
476,4.970964431762695,-2.845714807510376,0.044528547674417496,0.28623369336128235
477,2.8396265506744385,-4.153969764709473,-0.23986834287643433,0.7314289212226868
478,0.9864708185195923,-1.211571455001831,-0.13725054264068604,0.6140938997268677
479,2.2373173236846924,0.024938054382801056,4.756033897399902,-0.005573204718530178
480,1.348699688911438,-0.17441004514694214,3.5962116718292236,0.06465858966112137
481,0.168063685297966,-2.0492377281188965,0.8988322615623474,6.096611022949219
482,0.7468999028205872,-0.8423753976821899,0.4705617427825928,0.5639144778251648
483,3.201507091522217,0.7649684548377991,-4.235082149505615,-0.11947005987167358
484,2.5549094676971436,-1.0329148769378662,0.9386873841285706,0.202143132686615
485,2.6815946102142334,-0.24644047021865845,-4.713591575622559,0.04595036059617996
486,4.59963321685791,1.0692074298858643,3.8516335487365723,-0.11622747033834457
487,3.152884006500244,-3.9711685180664062,-2.9973440170288086,0.6297675967216492
488,0.8778313994407654,-4.59949254989624,-4.976280212402344,2.6198041439056396
489,0.10818033665418625,3.9353270530700684,1.3754100799560547,-18.188735961914062
490,1.165852427482605,1.076189398765564,-4.104306697845459,-0.4615461528301239
491,4.415970325469971,-3.7131106853485107,4.868725299835205,0.4204184412956238
492,4.561580657958984,-4.913933277130127,3.9605939388275146,0.5386217832565308
493,1.6397744417190552,2.6436750888824463,4.212764739990234,-0.8061093688011169
494,2.6305031776428223,-3.9218590259552,-3.791995048522949,0.7454579472541809
495,2.308340072631836,-1.4152565002441406,-4.4447784423828125,0.30655282735824585
496,2.4284608364105225,1.3956695795059204,-4.573680400848389,-0.28735682368278503
497,4.930164337158203,4.485013484954834,2.646317481994629,-0.4548543393611908
498,1.5756288766860962,2.9951107501983643,4.638899326324463,-0.9504492878913879
499,1.7572561502456665,2.568916082382202,4.564666271209717,-0.7309452891349792
500,2.6473684310913086,3.6165027618408203,-4.1511311531066895,-0.683037281036377
501,2.6510567665100098,-4.202760696411133,4.2420573234558105,0.7926576137542725
502,3.627354860305786,1.0509159564971924,-2.1440436840057373,-0.14485980570316315
503,3.346972942352295,0.6731466054916382,-2.165085554122925,-0.1005605012178421
504,3.871523380279541,2.46420955657959,-2.4063010215759277,-0.31824803352355957
505,4.421134948730469,1.5892239809036255,2.715888500213623,-0.17973031103610992
506,1.5252726078033447,-1.4732469320297241,-1.9208853244781494,0.48294544219970703
507,4.799495220184326,0.8441463708877563,-3.053954601287842,-0.08794116228818893
508,1.1153348684310913,-1.315447211265564,-2.7615950107574463,0.5897095203399658
509,2.4967384338378906,-3.153250217437744,3.1496691703796387,0.6314738988876343
510,3.246279716491699,-3.1432456970214844,1.4786344766616821,0.4841304421424866
511,2.2663092613220215,0.5823134779930115,3.097179651260376,-0.1284717619419098
512,2.4046101570129395,-0.8790934085845947,-2.7547197341918945,0.18279331922531128
513,2.26161527633667,4.878448009490967,-0.32522261142730713,-1.0785318613052368
514,3.275644063949585,0.25627660751342773,0.5180307030677795,-0.039118506014347076
515,0.11613709479570389,3.122328758239746,1.7329089641571045,-13.442426681518555
516,1.5777637958526611,3.848700523376465,-1.2397570610046387,-1.2196694612503052
517,4.6617960929870605,-4.819194793701172,-4.275014400482178,0.5168817639350891
518,2.730522632598877,-1.2524807453155518,-0.45155033469200134,0.22934815287590027
519,0.9224763512611389,-1.348667860031128,-1.5971262454986572,0.731003999710083
520,4.132522106170654,-1.3886727094650269,-3.7416746616363525,0.16801759600639343
521,1.9057154655456543,2.829967975616455,4.425897598266602,-0.7424948215484619
522,1.2580842971801758,1.3977209329605103,3.059199094772339,-0.5554957389831543
523,1.9285277128219604,2.8412890434265137,4.4005913734436035,-0.7366471886634827
524,2.2741379737854004,-1.924755573272705,3.7203636169433594,0.4231835603713989
525,1.7947602272033691,-2.352811098098755,-0.7231454253196716,0.6554666757583618
526,3.7220051288604736,-4.8985748291015625,0.5518637299537659,0.6580559015274048
527,3.1419193744659424,-0.6743622422218323,1.345618724822998,0.10731692612171173
528,1.750856637954712,3.0899085998535156,2.0491926670074463,-0.8823990821838379
529,1.5415512323379517,-1.0139249563217163,1.036186933517456,0.3288651704788208
530,1.4142003059387207,1.6579557657241821,-4.950074672698975,-0.5861814022064209
531,0.23309417068958282,-1.5049889087677002,-2.0003108978271484,3.228285312652588
532,0.6312267780303955,-1.3661220073699951,2.762706995010376,1.082116723060608
533,3.5420002937316895,4.481445789337158,-2.8563666343688965,-0.6326150894165039
534,1.2769895792007446,2.3301100730895996,-3.8143937587738037,-0.9123449325561523
535,4.887569904327393,2.8519558906555176,-2.3073248863220215,-0.2917560040950775
536,4.251099109649658,-2.446443796157837,2.882578134536743,0.2877424955368042
537,1.432956337928772,-2.27738356590271,-4.683279991149902,0.7946451306343079
538,3.6540234088897705,-0.21868297457695007,4.676362991333008,0.029923588037490845
539,0.5814376473426819,-1.4847556352615356,0.399374783039093,1.2767969369888306
540,3.5582711696624756,3.416076183319092,-4.965773105621338,-0.48001909255981445
541,0.016295088455080986,1.3270431756973267,2.065701484680176,-40.719112396240234
542,0.35670650005340576,3.9043052196502686,-0.21570174396038055,-5.472713947296143
543,2.068986415863037,-3.8660190105438232,-4.766269683837891,0.9342784881591797
544,3.7681500911712646,-0.7336646914482117,-0.30984652042388916,0.09735077619552612
545,0.8195425271987915,-0.7517058253288269,1.2274869680404663,0.4586130678653717
546,4.389298915863037,3.332716464996338,-0.14010779559612274,-0.3796411156654358
547,1.5603182315826416,0.8741785287857056,1.8562103509902954,-0.28012827038764954
548,0.21192489564418793,-2.7097318172454834,2.2785909175872803,6.393141746520996
549,3.491743803024292,2.291027545928955,0.29467931389808655,-0.3280635178089142
550,4.427618503570557,4.796584606170654,-0.9620222449302673,-0.5416664481163025
551,3.56209659576416,1.1256595849990845,-3.484229803085327,-0.15800519287586212
552,1.962594985961914,-4.5472412109375,-1.1409755945205688,1.1584768295288086
553,2.4500162601470947,3.9816231727600098,2.96756911277771,-0.8125707507133484
554,0.6945456862449646,-0.874703049659729,-3.847391128540039,0.629694402217865
555,1.8625288009643555,-3.0955793857574463,0.1174432560801506,0.8310151696205139
556,4.288412570953369,-1.832114577293396,1.9068374633789062,0.21361221373081207
557,4.5058135986328125,-3.834559440612793,0.4741936922073364,0.4255124628543854
558,3.5257763862609863,2.9177398681640625,4.863188743591309,-0.41377267241477966
559,2.45654034614563,-1.991624116897583,-2.243668794631958,0.405371755361557
560,4.087376117706299,0.9129393100738525,3.9006481170654297,-0.11167791485786438
561,4.430637836456299,2.70951771736145,2.195891857147217,-0.3057706356048584
562,4.613323211669922,3.844748020172119,1.7029180526733398,-0.4167005121707916
563,1.8280893564224243,-1.95743727684021,-2.6157913208007812,0.5353779196739197
564,1.2690032720565796,-4.803092002868652,2.671168565750122,1.8924661874771118
565,4.4666314125061035,2.7315869331359863,3.4344089031219482,-0.30577707290649414
566,0.7165429592132568,4.058123588562012,-4.569886684417725,-2.831737756729126
567,1.5059866905212402,-2.3589160442352295,0.48108935356140137,0.783179521560669
568,0.7979030609130859,4.707679748535156,4.736489295959473,-2.9500322341918945
569,4.215228080749512,-1.317442774772644,-1.4063421487808228,0.1562718152999878
570,4.677557945251465,0.8115518689155579,4.117910385131836,-0.08674952387809753
571,2.548103094100952,3.3937978744506836,0.9393702149391174,-0.6659459471702576
572,1.6286187171936035,2.658391237258911,2.420847177505493,-0.8161490559577942
573,0.5407642722129822,1.4160521030426025,1.4604922533035278,-1.309306263923645
574,2.8401801586151123,-4.116828441619873,3.931525945663452,0.7247477769851685
575,0.00030967482598498464,1.8143237829208374,2.434426784515381,-2929.401611328125
576,0.8629076480865479,2.8577663898468018,0.4536263048648834,-1.6558934450149536
577,4.128993511199951,-1.893304467201233,2.5400314331054688,0.22926948964595795
578,0.5586775541305542,-3.1049599647521973,0.2676907181739807,2.7788479328155518
579,0.41733890771865845,2.5261495113372803,-3.470181941986084,-3.026496410369873
580,1.7579160928726196,-2.879666566848755,-4.8343987464904785,0.8190568685531616
581,3.3661317825317383,1.945132851600647,-3.9411513805389404,-0.28892701864242554
582,2.62666916847229,3.8553223609924316,3.2011051177978516,-0.7338804602622986
583,2.488527536392212,-1.9570120573043823,-1.399502158164978,0.3932068347930908
584,0.46668896079063416,3.0636250972747803,-4.466207981109619,-3.2822985649108887
585,0.627672553062439,-0.37635207176208496,4.570471286773682,0.29979968070983887
586,2.278114080429077,-3.248720169067383,4.333181858062744,0.7130284309387207
587,1.977515697479248,-2.2490193843841553,-4.960002899169922,0.5686476826667786
588,0.5365736484527588,-2.610241413116455,-3.794196605682373,2.432323455810547
589,2.9962618350982666,-4.525994300842285,3.1645050048828125,0.7552734613418579
590,4.86246919631958,-4.82657527923584,0.7366997599601746,0.4963091015815735
591,3.000486135482788,0.4745022654533386,4.083633899688721,-0.07907089591026306
592,2.2699098587036133,-3.1420950889587402,2.0726027488708496,0.6921188831329346
593,3.867990255355835,2.1688716411590576,1.4373998641967773,-0.2803615629673004
594,3.090543270111084,-4.424501419067383,-0.8293333649635315,0.7158128619194031
595,2.6120200157165527,-3.3475534915924072,0.8278393745422363,0.6407977938652039
596,0.6658098697662354,0.6507928371429443,-4.5102057456970215,-0.4887227416038513
597,1.7960069179534912,3.674772024154663,2.202458143234253,-1.02303946018219
598,4.5756683349609375,1.0892565250396729,-2.4961202144622803,-0.1190270408987999
599,0.45718151330947876,-3.4922642707824707,3.2769792079925537,3.819340944290161
600,2.871142625808716,-0.6505908370018005,0.36050453782081604,0.11329824477434158
601,4.722812175750732,0.5213358402252197,-2.5804319381713867,-0.055193375796079636
602,3.288248062133789,3.0114569664001465,0.4254798889160156,-0.45791205763816833
603,0.12027990072965622,4.42502498626709,-4.066717147827148,-18.394697189331055
604,2.5914113521575928,-2.552342653274536,-4.486162185668945,0.4924618899822235
605,2.873053789138794,-4.264415740966797,-3.1718180179595947,0.7421398758888245
606,1.4471884965896606,-4.23114013671875,-3.862287998199463,1.4618483781814575
607,2.512063503265381,2.482896089553833,-1.8385242223739624,-0.49419453740119934
608,0.5647909641265869,1.6186119318008423,3.820737838745117,-1.4329301118850708
609,4.202276706695557,4.631348133087158,0.6011796593666077,-0.5510522127151489
610,3.37637996673584,-0.9004497528076172,0.9864822626113892,0.13334544003009796
611,1.5995278358459473,-2.0858044624328613,-3.141303062438965,0.6520062685012817
612,3.0726709365844727,1.832751989364624,-3.490501642227173,-0.29823434352874756
613,4.8732500076293945,1.1898703575134277,-3.6397948265075684,-0.12208180874586105
614,4.229685306549072,2.43507719039917,-4.7667388916015625,-0.2878556251525879
615,3.1418416500091553,4.667745113372803,2.8975799083709717,-0.7428358793258667
616,0.15154308080673218,1.7518287897109985,1.9467742443084717,-5.779969692230225
617,4.8949971199035645,-4.2132039070129395,-0.6827707290649414,0.4303581416606903
618,0.7191776037216187,-4.443932056427002,-4.74175500869751,3.089592695236206
619,4.858120441436768,4.58674430847168,-2.364882707595825,-0.4720698893070221
620,1.652021884918213,-4.622411727905273,3.6456196308135986,1.3990164995193481
621,1.2702453136444092,-3.266986846923828,-0.6439894437789917,1.2859668731689453
622,4.326561450958252,-2.613654136657715,-2.591426372528076,0.3020474910736084
623,4.209501266479492,-1.472962737083435,-4.351970672607422,0.17495691776275635
624,3.280974864959717,2.2632248401641846,1.8766545057296753,-0.34490129351615906
625,3.060825824737549,2.2117977142333984,-4.3749003410339355,-0.3613073527812958
626,3.457357883453369,-0.23912647366523743,4.8052897453308105,0.03458225727081299
627,3.7216548919677734,2.8735718727111816,4.750583171844482,-0.38606104254722595
628,0.3037189841270447,-2.649986505508423,-2.9738521575927734,4.362563133239746
629,3.2281482219696045,1.9208658933639526,2.360870122909546,-0.29751822352409363
630,2.9355685710906982,-4.235998153686523,3.9068450927734375,0.7214953303337097
631,0.0034394734539091587,1.5485328435897827,-1.9114323854446411,-225.1118927001953
632,3.658212900161743,1.4374600648880005,0.5734632611274719,-0.1964702606201172
633,0.2517836391925812,3.286217212677002,-0.4732230603694916,-6.525875568389893
634,1.6054760217666626,-3.2782392501831055,2.122401475906372,1.0209555625915527
635,3.2701072692871094,-4.000791549682617,3.2463583946228027,0.6117217540740967
636,3.6808536052703857,-4.753694534301758,0.06321606040000916,0.6457326412200928
637,4.899336814880371,2.1528682708740234,-3.7398388385772705,-0.21971018612384796
638,2.2880825996398926,0.6950651407241821,3.61971378326416,-0.15188811719417572
639,2.09649920463562,-0.3651527762413025,-1.5860832929611206,0.08708631247282028
640,0.5994129776954651,4.389908313751221,1.9004170894622803,-3.661839723587036
641,1.7685837745666504,3.880941152572632,-4.085692405700684,-1.097188949584961
642,4.435863971710205,-2.4132633209228516,3.0943925380706787,0.2720172703266144
643,4.376707077026367,-1.809766411781311,2.104875087738037,0.20674976706504822
644,1.2722665071487427,-1.9529831409454346,0.14647704362869263,0.7675212621688843
645,1.9080482721328735,-1.9595675468444824,0.37218397855758667,0.5135005116462708
646,4.701357841491699,-2.2201719284057617,2.6331727504730225,0.2361202836036682
647,2.499890089035034,1.1732900142669678,2.3910233974456787,-0.2346683293581009
648,1.8919216394424438,-1.796210527420044,4.8379340171813965,0.4747053384780884
649,4.929401397705078,1.9686262607574463,-3.2377943992614746,-0.1996820718050003
650,1.1894158124923706,-0.15749679505825043,1.634305715560913,0.06620762497186661
651,4.565927505493164,3.327368974685669,2.96236515045166,-0.3643694221973419
652,0.49222609400749207,0.4094459116458893,-1.4572594165802002,-0.4159124493598938
653,0.626369297504425,-4.013697147369385,-3.3258633613586426,3.2039380073547363
654,1.931640386581421,4.225034713745117,1.157129168510437,-1.0936391353607178
655,3.798293352127075,4.31498384475708,-0.5416707992553711,-0.5680161118507385
656,1.202052116394043,1.5494312047958374,-4.981905937194824,-0.6444941759109497
657,1.579579472541809,-0.19806142151355743,1.5905170440673828,0.06269434839487076
658,0.4110136330127716,1.3338042497634888,1.954620599746704,-1.6225790977478027
659,4.31178617477417,1.7040444612503052,-4.573160171508789,-0.19760307669639587
660,0.14662864804267883,-1.7436853647232056,1.2922191619873047,5.945923328399658
661,0.6352999806404114,4.082705974578857,-2.263333797454834,-3.2132110595703125
662,3.42029070854187,-1.9319854974746704,-3.685243844985962,0.2824300229549408
663,0.4745662212371826,-3.5165629386901855,-0.9219395518302917,3.705028772354126
664,1.548394799232483,2.7409331798553467,-4.731543064117432,-0.8850886821746826
665,2.990175724029541,3.765413284301758,-0.4987109899520874,-0.6296307444572449
666,4.969761848449707,0.2297719419002533,2.719543695449829,-0.02311699651181698
667,4.44922399520874,-4.129854679107666,-1.516284704208374,0.4641095697879791
668,4.288559913635254,1.585036277770996,-4.5426554679870605,-0.1847982108592987
669,0.4178884029388428,-1.048661231994629,1.191308617591858,1.2547144889831543
670,2.3415608406066895,0.014310313388705254,-3.3963987827301025,-0.003055721055716276
671,0.19812044501304626,4.0665435791015625,-2.876441478729248,-10.262805938720703
672,4.116180896759033,-0.3751790225505829,-1.1392542123794556,0.045573677867650986
673,2.4450509548187256,0.7118399143218994,-1.0959689617156982,-0.14556749165058136
674,0.6377082467079163,-4.344997882843018,3.009986639022827,3.406728744506836
675,2.432589054107666,-4.164758682250977,3.9065277576446533,0.8560341596603394
676,2.8731143474578857,1.6364182233810425,2.006000280380249,-0.28478124737739563
677,1.7651973962783813,3.1811788082122803,1.7318358421325684,-0.9010829925537109
678,4.473815441131592,1.4061635732650757,-3.263967514038086,-0.1571548581123352
679,4.762521743774414,3.698173999786377,-3.086012840270996,-0.3882579505443573
680,3.2493133544921875,-1.5496165752410889,-3.0705130100250244,0.23845292627811432
681,0.6021003127098083,-3.979482412338257,-3.2651150226593018,3.3046674728393555
682,1.7496342658996582,-2.1299049854278564,-4.263443470001221,0.6086714863777161
683,2.3047995567321777,1.6143778562545776,-0.6970376372337341,-0.3502208888530731
684,0.4675179421901703,-3.4842560291290283,0.8654383420944214,3.7263338565826416
685,0.7160463333129883,0.1138722226023674,4.009598255157471,-0.07951456308364868
686,1.1936694383621216,-0.7823803424835205,-0.3937596380710602,0.32772067189216614
687,1.834009051322937,3.2315549850463867,2.5887277126312256,-0.881008505821228
688,1.170120120048523,-2.2987091541290283,4.933900833129883,0.9822535514831543
689,1.2551002502441406,-0.6579576730728149,-0.7124819159507751,0.2621136009693146
690,4.6864495277404785,-2.4916350841522217,0.007840234786272049,0.2658340036869049
691,0.720417320728302,-4.47730827331543,1.5871652364730835,3.107440948486328
692,2.434035301208496,-1.5359171628952026,4.139159679412842,0.3155084252357483
693,3.4436562061309814,-3.7355921268463135,4.155095100402832,0.5423874855041504
694,4.551520824432373,-1.9843735694885254,-1.5428073406219482,0.21799017488956451
695,0.7197301387786865,-3.0805273056030273,4.450131416320801,2.140057325363159
696,1.1737148761749268,-1.1424835920333862,-1.22021484375,0.4866955578327179
697,0.5246202349662781,2.173274517059326,-1.1760896444320679,-2.0712833404541016
698,0.913504421710968,4.9088521003723145,-4.9916815757751465,-2.6868245601654053
699,1.2042267322540283,3.6646554470062256,-4.708589553833008,-1.5215802192687988
700,4.479918479919434,-2.0680408477783203,3.0528483390808105,0.23081232607364655
701,2.976771354675293,-1.0522270202636719,4.588911533355713,0.1767396479845047
702,4.558924674987793,2.1219680309295654,1.6537169218063354,-0.2327268272638321
703,2.220308780670166,4.721011638641357,2.9489963054656982,-1.0631431341171265
704,2.1352157592773438,2.553377866744995,-4.0767822265625,-0.5979203581809998
705,0.7352378964424133,1.2813268899917603,-3.436962127685547,-0.8713688254356384
706,4.669143199920654,-0.35773956775665283,-0.2923058867454529,0.03830891102552414
707,2.2695248126983643,-4.046653747558594,3.006503105163574,0.8915200233459473
708,1.0153216123580933,4.209386825561523,0.7972376942634583,-2.0729329586029053
709,3.573479413986206,3.8996365070343018,0.4775521159172058,-0.5456358194351196
710,3.6752820014953613,-0.8130849003791809,3.5551466941833496,0.1106153130531311
711,3.620898723602295,-0.7416417002677917,4.1221747398376465,0.10241127759218216
712,2.192955493927002,2.3798556327819824,3.2513296604156494,-0.5426137447357178
713,1.33011794090271,-4.094783306121826,-2.1784677505493164,1.5392558574676514
714,4.3533782958984375,1.5367329120635986,2.855041980743408,-0.1764989048242569
715,3.500303030014038,3.358262777328491,-4.461043834686279,-0.47971028089523315
716,0.5022282600402832,1.8507261276245117,-4.660482406616211,-1.842514991760254
717,4.3106465339660645,2.4258124828338623,2.1909737586975098,-0.28137457370758057
718,4.487665176391602,2.644571542739868,-4.18151330947876,-0.2946489155292511
719,4.315521240234375,0.7782307863235474,0.7049277424812317,-0.09016648679971695
720,0.8210339546203613,3.8720860481262207,-1.3044706583023071,-2.3580546379089355
721,4.753187656402588,-3.8105883598327637,-3.8571360111236572,0.40084555745124817
722,0.32515373826026917,2.385399103164673,-0.7969423532485962,-3.66810941696167
723,0.9368292689323425,2.945655345916748,2.97119140625,-1.5721410512924194
724,2.8007540702819824,-3.9010987281799316,-1.2021483182907104,0.6964371800422668
725,4.433822154998779,3.1415553092956543,2.4982080459594727,-0.35427168011665344
726,2.3773956298828125,0.017301838845014572,2.813995361328125,-0.0036388218868523836
727,2.9052584171295166,3.2721283435821533,1.2519841194152832,-0.5631389617919922
728,1.2618716955184937,4.582746982574463,0.671087384223938,-1.8158529996871948
729,2.541260004043579,2.108729839324951,1.2952429056167603,-0.41489848494529724
730,1.5284242630004883,2.121490240097046,1.3202029466629028,-0.6940122842788696
731,0.2992740869522095,-2.5421223640441895,-1.171890377998352,4.247147560119629
732,0.5999266505241394,2.3790009021759033,2.8561606407165527,-1.9827430248260498
733,1.9919086694717407,-4.526175022125244,-4.056304931640625,1.1361401081085205
734,3.1052165031433105,1.2891652584075928,-3.5912487506866455,-0.20758056640625
735,0.26788967847824097,-1.7953157424926758,4.576962947845459,3.350849151611328
736,0.023556601256132126,2.086918592453003,-4.903741359710693,-44.295833587646484
737,4.291712284088135,-0.14657282829284668,1.627641201019287,0.017076265066862106
738,0.3397846221923828,-3.5575554370880127,0.8713266253471375,5.235015392303467
739,0.4309978187084198,-4.269097805023193,0.8288378715515137,4.952574729919434
740,4.502343654632568,0.983660876750946,0.2992612421512604,-0.10923875868320465
741,4.089004039764404,-1.845281720161438,2.595924139022827,0.22563950717449188
742,2.6855382919311523,-4.366489410400391,3.5417380332946777,0.8129635453224182
743,0.4870768189430237,-1.230565071105957,3.978530168533325,1.2632145881652832
744,1.9387074708938599,-1.5490273237228394,1.4792535305023193,0.3995000422000885
745,1.3781564235687256,4.663303852081299,-2.5676796436309814,-1.691862940788269
746,3.6365859508514404,-4.4839396476745605,0.4854204058647156,0.6165040731430054
747,1.052944540977478,-0.10628985613584518,4.385378360748291,0.0504726767539978
748,1.57060968875885,4.761077404022217,-0.604142427444458,-1.51567804813385
749,0.2707160711288452,1.7722944021224976,1.5325430631637573,-3.273345470428467
750,3.0722386837005615,-1.1611768007278442,1.094336986541748,0.18897894024848938
751,4.513377666473389,-0.005055808462202549,3.847811460494995,0.0005600915173999965
752,2.7405648231506348,-1.5908982753753662,4.057295799255371,0.2902500629425049
753,4.803027629852295,4.338917255401611,4.806004524230957,-0.4516856372356415
754,3.945035696029663,3.9402072429656982,3.679509401321411,-0.49938803911209106
755,4.157236099243164,4.9153923988342285,4.513401985168457,-0.5911850929260254
756,3.9694182872772217,0.9980069994926453,-4.2204270362854,-0.12571199238300323
757,2.168231248855591,1.1350725889205933,-1.8424875736236572,-0.26175081729888916
758,3.1337664127349854,-3.651491165161133,4.254922389984131,0.5826042294502258
759,4.306087970733643,-2.836289167404175,4.403896331787109,0.3293348252773285
760,3.404387950897217,4.894079685211182,0.3424134850502014,-0.7187899351119995
761,0.9121583700180054,2.0667707920074463,-3.514671802520752,-1.1329013109207153
762,1.7041521072387695,-1.698223352432251,4.419734954833984,0.498260498046875
763,3.893834114074707,-0.5844279527664185,-4.192986011505127,0.07504530996084213
764,3.3174264430999756,-1.0089870691299438,-4.001242160797119,0.15207378566265106
765,3.711829662322998,-0.19042453169822693,3.7268011569976807,0.025651032105088234
766,1.637887954711914,-0.8106229305267334,1.0646017789840698,0.24745981395244598
767,0.8131173849105835,-4.986505508422852,3.7509443759918213,3.066288709640503
768,3.3870725631713867,-2.858649969100952,4.55798864364624,0.4219942092895508
769,3.3494720458984375,-0.29254403710365295,1.825795292854309,0.0436701700091362
770,4.1369524002075195,1.9742571115493774,1.825385570526123,-0.23861248791217804
771,1.8393218517303467,-4.5780110359191895,4.03764009475708,1.2444833517074585
772,3.7515087127685547,-0.8761849999427795,-0.6487533450126648,0.1167776808142662
773,3.543841600418091,-4.994009494781494,3.4753916263580322,0.704603910446167
774,1.3932404518127441,-2.5519981384277344,-3.8108880519866943,0.9158498644828796
775,0.18765243887901306,4.622928619384766,0.19207245111465454,-12.317795753479004
776,4.04038143157959,4.0159173011779785,3.0015347003936768,-0.49697253108024597
777,0.07251094281673431,2.6832480430603027,0.9086471796035767,-18.50236701965332
778,3.0477089881896973,-3.186492919921875,3.3757483959198,0.5227685570716858
779,2.34694504737854,1.9357376098632812,1.6245192289352417,-0.412395179271698
780,2.423065662384033,3.348252534866333,2.7747583389282227,-0.6909124851226807
781,1.0221136808395386,4.2902727127075195,1.3215272426605225,-2.0987257957458496
782,2.180868625640869,2.8363139629364014,-0.3569221794605255,-0.6502715945243835
783,4.823332786560059,3.332551956176758,-3.1362712383270264,-0.34546151757240295
784,0.34870555996894836,-0.6245715618133545,-1.7031422853469849,0.8955572247505188
785,3.462672233581543,4.620551586151123,-1.5091736316680908,-0.6671944856643677
786,0.5549095273017883,3.492511510848999,2.041968584060669,-3.1469197273254395
787,2.0928423404693604,-1.4133307933807373,-2.5323941707611084,0.33765822649002075
788,2.4456403255462646,-3.259450912475586,-4.718723773956299,0.6663798689842224
789,2.22843074798584,-0.6856170296669006,-4.042126655578613,0.1538340449333191
790,0.25603532791137695,1.4991286993026733,4.750422954559326,-2.927581787109375
791,2.8529117107391357,2.3553380966186523,-2.636974811553955,-0.4127954840660095
792,3.9984183311462402,2.958631753921509,-2.2691192626953125,-0.3699752986431122
793,2.290709972381592,4.879991054534912,2.0528032779693604,-1.0651700496673584
794,0.9997134804725647,4.172878265380859,1.9051662683486938,-2.0870370864868164
795,2.7167627811431885,1.943712830543518,3.137258529663086,-0.3577258884906769
796,0.5827533602714539,0.04996395483613014,-1.0022555589675903,-0.04286886751651764
797,0.8319119811058044,1.1295044422149658,-1.4724475145339966,-0.6788604855537415
798,0.7493730187416077,-0.8887513279914856,-2.1743507385253906,0.5929965972900391
799,2.306758165359497,-3.9308934211730957,2.551872730255127,0.8520384430885315
800,2.4258899688720703,0.9656031727790833,1.5636268854141235,-0.1990204006433487
801,2.8735005855560303,4.4719414710998535,-0.6376630663871765,-0.7781347036361694
802,4.042789936065674,-3.1031274795532227,2.797297239303589,0.3837853968143463
803,4.651446342468262,-1.833583950996399,-4.219354629516602,0.1970982700586319
804,1.906965732574463,-3.17443585395813,-3.0204129219055176,0.832326352596283
805,0.36361363530158997,-0.21951299905776978,-4.8910603523254395,0.30184924602508545
806,2.313737630844116,3.597147226333618,1.1819454431533813,-0.7773455381393433
807,0.4588077664375305,-2.9890522956848145,-1.1775226593017578,3.2574124336242676
808,1.5651713609695435,0.2748557925224304,0.32206496596336365,-0.08780374377965927
809,4.767994403839111,0.6544132232666016,-4.883439540863037,-0.06862562894821167
810,4.3806586265563965,1.2636340856552124,3.868722915649414,-0.1442287713289261
811,4.215579986572266,-1.6584489345550537,-1.2215014696121216,0.1967047154903412
812,2.3193726539611816,0.5674964785575867,1.1085737943649292,-0.12233835458755493
813,0.27095460891723633,-4.571789741516113,1.2828494310379028,8.436450004577637
814,1.791481375694275,-2.526634454727173,0.8943519592285156,0.7051802277565002
815,0.1862127184867859,-4.70796012878418,0.15644240379333496,12.641348838806152
816,4.338943958282471,3.019834041595459,0.6018576622009277,-0.34799182415008545
817,4.175220489501953,-0.1950901448726654,3.0103490352630615,0.02336285449564457
818,3.6019139289855957,0.14029228687286377,0.3538084924221039,-0.019474685192108154
819,4.9515862464904785,-1.1464952230453491,3.7738025188446045,0.11577049642801285
820,1.6715197563171387,4.314057350158691,0.30669283866882324,-1.2904595136642456
821,4.8956708908081055,-2.740748643875122,3.2023355960845947,0.27991554141044617
822,0.25795504450798035,-2.2227296829223633,2.109567642211914,4.308366775512695
823,4.493966102600098,-0.3786735236644745,-2.1875932216644287,0.04213132709264755
824,2.4847536087036133,-1.9816241264343262,-2.747238874435425,0.39875665307044983
825,4.291980743408203,-3.8882415294647217,-2.7444961071014404,0.4529658555984497
826,4.206643104553223,-2.7860283851623535,0.8711153864860535,0.3311462700366974
827,3.0978498458862305,-2.895346164703369,1.8067747354507446,0.4673154354095459
828,4.079621315002441,-0.48416781425476074,-1.7973692417144775,0.059339798986911774
829,1.1244615316390991,4.5076422691345215,3.429184913635254,-2.0043556690216064
830,1.3687180280685425,2.6641428470611572,-2.7426772117614746,-0.9732255935668945
831,4.488171100616455,-1.4997775554656982,1.5114820003509521,0.16708114743232727
832,2.3569250106811523,-2.1642704010009766,-4.197189807891846,0.45913010835647583
833,4.527108669281006,-0.6124622225761414,-0.5150421857833862,0.06764385849237442
834,2.1041250228881836,0.5942533016204834,-0.20560826361179352,-0.14121149480342865
835,1.8741145133972168,-1.1909751892089844,4.9716291427612305,0.3177434504032135
836,4.701082229614258,-3.9461381435394287,0.6115761399269104,0.4197053015232086
837,2.1578125953674316,-2.567192554473877,0.760258674621582,0.5948598980903625
838,4.560667514801025,0.3275326192378998,-0.8514496088027954,-0.03590840846300125
839,3.463982582092285,-0.413849413394928,-4.937972545623779,0.05973607301712036
840,4.609032154083252,-4.435734748840332,-3.3422768115997314,0.48120027780532837
841,3.964399814605713,-2.0042176246643066,-4.065089225769043,0.2527769207954407
842,3.0441699028015137,3.2293286323547363,-0.5134086012840271,-0.5304120182991028
843,3.8171050548553467,0.2701428532600403,4.943645000457764,-0.03538582846522331
844,2.6880533695220947,-2.9573416709899902,2.988616704940796,0.5500898361206055
845,2.8787553310394287,-1.94193434715271,-3.309368133544922,0.33728712797164917
846,0.8845853805541992,1.2502458095550537,-2.7411510944366455,-0.7066846489906311
847,0.03068728931248188,2.5708084106445312,1.41853928565979,-41.887184143066406
848,3.2257988452911377,3.3504490852355957,-2.8766252994537354,-0.5193208456039429
849,4.2491068840026855,0.6662137508392334,-3.250999927520752,-0.0783945620059967
850,3.5557711124420166,-2.7978904247283936,2.792820930480957,0.3934294879436493
851,0.0274563729763031,-4.554618835449219,0.5605425834655762,82.94284057617188
852,3.8092846870422363,4.984279632568359,-3.1777427196502686,-0.6542277932167053
853,2.5965511798858643,3.1268138885498047,-2.262151002883911,-0.6021090149879456
854,3.308135747909546,-1.4179896116256714,-4.0928635597229,0.21431852877140045
855,3.178712844848633,1.3456519842147827,-1.6161322593688965,-0.21166616678237915
856,0.23255562782287598,3.5521771907806396,0.6132597923278809,-7.637263298034668
857,3.8991668224334717,-2.317535877227783,-3.983992099761963,0.29718348383903503
858,4.367330551147461,-1.6874808073043823,-4.920771598815918,0.19319361448287964
859,4.846025466918945,1.6837725639343262,-4.061604022979736,-0.17372716963291168
860,3.0848915576934814,-1.7514852285385132,-2.3704535961151123,0.28388115763664246
861,1.0200300216674805,-1.4493507146835327,3.074761152267456,0.7104451060295105
862,3.034756898880005,0.2947809100151062,3.221020221710205,-0.04856746643781662
863,0.21454207599163055,-3.770120859146118,3.7549703121185303,8.786437034606934
864,0.7031959891319275,-1.5372949838638306,0.8981636166572571,1.0930771827697754
865,3.3040976524353027,-4.846400737762451,-4.84427547454834,0.7333924770355225
866,2.7386746406555176,1.340355634689331,-1.965562105178833,-0.2447088211774826
867,0.25060638785362244,1.494213342666626,-2.874530553817749,-2.9811956882476807
868,2.347459316253662,-3.51788330078125,2.6816067695617676,0.7492959499359131
869,1.650359869003296,2.238849639892578,-3.7013633251190186,-0.6782913208007812
870,2.3335845470428467,1.3260164260864258,-4.790073394775391,-0.2841157913208008
871,3.8898684978485107,-3.234706401824951,2.0329713821411133,0.41578608751296997
872,1.645438551902771,-1.3115977048873901,0.3429778516292572,0.3985556960105896
873,2.3915984630584717,2.7070436477661133,4.451054096221924,-0.5659486651420593
874,4.8238348960876465,-0.05569164454936981,-0.07712923735380173,0.0057725487276911736
875,4.910496234893799,-2.7380781173706055,-2.2344236373901367,0.27879852056503296
876,4.243936061859131,4.747717380523682,4.197772026062012,-0.5593530535697937
877,3.534050703048706,-2.46272873878479,-2.569448232650757,0.3484286069869995
878,2.7703664302825928,2.2846224308013916,0.5238654017448425,-0.4123321771621704
879,3.3245537281036377,-1.2948741912841797,-4.114587306976318,0.1947440654039383
880,4.712057113647461,1.1832388639450073,1.0364456176757812,-0.1255543828010559
881,1.051985502243042,-2.7572028636932373,-3.0276079177856445,1.3104757070541382
882,0.06038637086749077,1.3223949670791626,3.3126721382141113,-10.94944953918457
883,3.7525172233581543,2.3723464012145996,3.3462700843811035,-0.31610068678855896
884,2.8925375938415527,0.6111712455749512,-4.447317123413086,-0.10564620047807693
885,2.9096639156341553,0.11812279373407364,4.5866475105285645,-0.02029835805296898
886,3.2867071628570557,-4.909060001373291,-4.306979179382324,0.7468051910400391
887,4.3740949630737305,1.0828416347503662,-4.897805213928223,-0.12377893179655075
888,4.928732872009277,4.765417098999023,-3.510915517807007,-0.4834322929382324
889,4.968299865722656,-4.91659688949585,-4.368860244750977,0.4947967231273651
890,2.4019429683685303,0.4099586606025696,0.6222113966941833,-0.08533895760774612
891,0.22067099809646606,1.076237440109253,1.3734086751937866,-2.438556671142578
892,4.852283000946045,0.44455644488334656,3.2470991611480713,-0.04580899700522423
893,0.9206544756889343,4.8243865966796875,1.144606113433838,-2.6200854778289795
894,0.966729462146759,0.8269354104995728,-4.603133678436279,-0.42769744992256165
895,0.6034366488456726,-2.946662425994873,-1.877381443977356,2.4415674209594727
896,3.114215850830078,-2.6034929752349854,-4.498740196228027,0.4180013835430145
897,2.5756964683532715,3.075657367706299,-3.2046968936920166,-0.5970535278320312
898,1.1156539916992188,4.295787334442139,1.3945496082305908,-1.9252327680587769
899,0.8649181127548218,-3.4503047466278076,1.2425553798675537,1.9945846796035767
900,4.736993312835693,-2.555859327316284,-0.667992115020752,0.26977652311325073
901,3.2801640033721924,2.2365057468414307,-1.423174262046814,-0.34091371297836304
902,3.565192222595215,-4.029451847076416,-3.8382112979888916,0.5651100277900696
903,0.6689022183418274,-2.540390968322754,2.107901096343994,1.8989254236221313
904,4.857936382293701,-1.057759165763855,4.798123836517334,0.10886918753385544
905,4.113720417022705,4.728127479553223,0.5385341644287109,-0.5746777653694153
906,2.560924768447876,3.0832767486572266,4.910532474517822,-0.6019850373268127
907,1.2904374599456787,-0.2827640771865845,-0.45112571120262146,0.10956132411956787
908,4.5034379959106445,4.690357685089111,2.297667980194092,-0.520753026008606
909,2.636913299560547,0.18723933398723602,-4.9337334632873535,-0.03550350293517113
910,2.382814407348633,0.4308326542377472,-1.5715821981430054,-0.09040415287017822
911,2.3291916847229004,2.8370654582977295,-1.8008617162704468,-0.6090236306190491
912,1.0731277465820312,4.756096363067627,1.5843398571014404,-2.2159972190856934
913,4.668862342834473,0.1626320779323578,0.2171504646539688,-0.01741667278110981
914,1.7080997228622437,2.5725226402282715,2.7022101879119873,-0.7530364394187927
915,4.250885486602783,1.5839747190475464,4.410533905029297,-0.18631115555763245
916,3.773643732070923,-4.4056854248046875,4.3751139640808105,0.5837442278862
917,1.5887401103973389,-3.296715021133423,0.32191282510757446,1.037524938583374
918,4.702892780303955,-1.5679779052734375,2.874849319458008,0.16670355200767517
919,1.2035874128341675,-3.2638821601867676,1.5959932804107666,1.3558975458145142
920,2.1533010005950928,2.495462656021118,1.4082353115081787,-0.5794504880905151
921,1.1528222560882568,-0.7011210918426514,-0.3867618143558502,0.3040889799594879
922,1.081508994102478,4.511885166168213,2.6785030364990234,-2.085921287536621
923,1.725680947303772,-2.2478981018066406,-3.537670612335205,0.6513075232505798
924,4.394218921661377,4.011549949645996,4.247464656829834,-0.4564576745033264
925,1.9316847324371338,3.1995208263397217,-4.083161354064941,-0.828168511390686
926,1.3043267726898193,4.506765365600586,-2.6760294437408447,-1.7276214361190796
927,4.461513519287109,-3.9419455528259277,3.694484233856201,0.4417722523212433
928,4.322690963745117,-2.3505215644836426,-2.6985907554626465,0.27188175916671753
929,4.522139549255371,-3.116542339324951,0.12005062401294708,0.344587117433548
930,0.4353896677494049,2.5248990058898926,-4.153164386749268,-2.899585485458374
931,1.3943811655044556,4.846743583679199,-0.9769572019577026,-1.737955093383789
932,4.548486232757568,2.5916972160339355,-0.6161437630653381,-0.2848966717720032
933,1.9974737167358398,-0.398512065410614,-3.1769487857818604,0.09975402057170868
934,4.053470134735107,-1.6095943450927734,-3.3046815395355225,0.19854521751403809
935,1.5159024000167847,-4.719350337982178,0.8085346817970276,1.5566141605377197
936,1.3180636167526245,4.792113780975342,-2.985477924346924,-1.8178614377975464
937,1.8016055822372437,2.1934094429016113,3.63179874420166,-0.6087374091148376
938,1.0807701349258423,4.553006172180176,2.2916574478149414,-2.1063711643218994
939,1.4381712675094604,2.9785799980163574,3.1406197547912598,-1.0355442762374878
940,4.373098373413086,1.5526573657989502,-3.14566707611084,-0.17752371728420258
941,2.74949312210083,-0.3229178190231323,-0.6113312840461731,0.05872315540909767
942,3.7004477977752686,4.070856094360352,-3.6724166870117188,-0.5500491261482239
943,2.754049777984619,-2.8626949787139893,-3.9668755531311035,0.5197246074676514
944,1.4474763870239258,-2.391819953918457,-1.92458176612854,0.8262034058570862
945,0.5189914107322693,-3.4895198345184326,3.043651819229126,3.361828327178955
946,0.18713493645191193,-3.2109336853027344,1.7716832160949707,8.579193115234375
947,0.9046913385391235,-0.9566370248794556,-1.8858137130737305,0.5287090539932251
948,2.378363847732544,2.0831615924835205,0.3448907732963562,-0.43794000148773193
949,3.305828332901001,4.092789173126221,-4.191314697265625,-0.6190263032913208
950,0.15641337633132935,3.3185105323791504,1.891127347946167,-10.608141899108887
951,1.8440771102905273,-1.448473572731018,-2.9469571113586426,0.3927367031574249
952,3.1569113731384277,0.446740984916687,-1.2956799268722534,-0.07075601816177368
953,1.4914215803146362,-3.948246717453003,-3.5720717906951904,1.3236521482467651
954,3.775299072265625,-1.9820289611816406,-4.510138034820557,0.26249960064888
955,1.9969578981399536,-0.22893403470516205,4.492397308349609,0.057320695370435715
956,0.1429620236158371,-4.06648588180542,4.35847282409668,14.222259521484375
957,4.169675827026367,-1.5493929386138916,1.0471144914627075,0.1857929825782776
958,1.6694554090499878,-3.5538129806518555,-3.9958596229553223,1.0643630027770996
959,0.31343090534210205,0.40639105439186096,-1.4205870628356934,-0.6482945084571838
960,0.1412406861782074,3.6760497093200684,-3.4272868633270264,-13.013422966003418
961,1.1383916139602661,4.370568752288818,3.075471878051758,-1.9196243286132812
962,2.9828546047210693,-3.4778554439544678,0.5880611538887024,0.582974374294281
963,0.9982563853263855,-2.435917854309082,-2.832791805267334,1.2200863361358643
964,1.161807656288147,1.4921092987060547,-3.1916141510009766,-0.6421499252319336
965,4.720921516418457,-1.6290730237960815,-3.2777180671691895,0.17253760993480682
966,0.12510067224502563,-0.001507425680756569,1.7134913206100464,0.006024850532412529
967,4.7001142501831055,-4.486583709716797,-1.810953974723816,0.4772845506668091
968,0.718812108039856,-0.5315604209899902,4.465742111206055,0.3697492182254791
969,0.5017080307006836,-3.864190101623535,2.8753185272216797,3.851034641265869
970,1.8158490657806396,-4.730739116668701,3.4184231758117676,1.3026245832443237
971,0.40966665744781494,1.2038030624389648,4.996438503265381,-1.4692469835281372
972,1.443618655204773,-4.247686862945557,-3.256263494491577,1.4711942672729492
973,3.173321485519409,0.48231565952301025,4.410058975219727,-0.07599539309740067
974,2.1513304710388184,-3.9256110191345215,-3.7963016033172607,0.9123682379722595
975,4.663948059082031,3.451949119567871,-4.986565113067627,-0.3700672388076782
976,1.6748706102371216,0.6496187448501587,2.8316233158111572,-0.19393101334571838
977,0.6038009524345398,2.043501853942871,-1.4811545610427856,-1.6921981573104858
978,2.946545362472534,-1.2837051153182983,3.406308174133301,0.21783223748207092
979,4.749191761016846,3.636256217956543,-4.326016426086426,-0.3828289806842804
980,3.7872824668884277,-3.8855292797088623,-4.75077486038208,0.5129706263542175
981,3.6340041160583496,1.3745166063308716,-0.12596064805984497,-0.18911875784397125
982,3.2874438762664795,1.894610047340393,2.046996593475342,-0.2881585359573364
983,3.7002804279327393,-1.572739839553833,1.2806435823440552,0.21251630783081055
984,0.10506093502044678,-0.14760734140872955,-3.3952512741088867,0.7024844288825989
985,1.604179859161377,4.672251224517822,1.3468292951583862,-1.456274151802063
986,1.3642857074737549,0.6956264972686768,-3.4432265758514404,-0.2549416422843933
987,2.5787620544433594,2.7097208499908447,-3.014317035675049,-0.5253918170928955
988,2.8480587005615234,-4.264413356781006,-3.842365026473999,0.7486526370048523
989,2.6396901607513428,0.7858552932739258,-4.489272117614746,-0.14885368943214417
990,0.41608089208602905,-2.8676652908325195,-4.667897701263428,3.446043014526367
991,1.381097435951233,3.1393778324127197,-3.2105162143707275,-1.136551856994629
992,0.7853634357452393,4.079965114593506,-1.1922513246536255,-2.597501039505005
993,4.666797637939453,-3.883963108062744,0.0839584544301033,0.41612720489501953
994,3.777287244796753,4.196552753448486,-4.649830341339111,-0.5554983019828796
995,3.6425485610961914,-4.067826271057129,-0.02000937983393669,0.5583763718605042
996,3.424602746963501,3.049901247024536,-3.4295966625213623,-0.44529271125793457
997,0.08467016369104385,3.8309481143951416,-3.1396520137786865,-22.62277603149414
998,4.21969747543335,1.1018754243850708,-2.643455982208252,-0.13056331872940063
999,2.4013116359710693,2.640836238861084,0.7334725856781006,-0.5498737096786499
